epoch,avg_score,avg_score_bin,success_rate
0,-0.6023011915385723,0.0,0.0033783783783783786
1,-0.2408088382333517,0.0,0.0033783783783783786
2,-0.21555811499711125,0.0,0.0033783783783783786
3,-0.2525211569853127,0.0,0.006756756756756757
4,-0.14222519360482694,0.0,0.006756756756756757
