epoch,avg_score,avg_score_bin,success_rate
0,0.5614389657974244,0.5,0.12087912087912088
1,0.4053544007241726,0.4,0.12087912087912088
2,0.31877799443900584,0.2,0.13186813186813187
3,0.6230591297149658,0.6,0.13186813186813187
4,0.557260999083519,0.6,0.13186813186813187
