epoch,avg_score,avg_score_bin,success_rate
0,-0.06739389449357987,0.0,0.009345794392523364
1,-0.01873821560293436,0.0,0.018691588785046728
2,-0.11869868719950319,0.0,0.028037383177570093
3,-0.06594452156859916,0.0,0.028037383177570093
4,-0.06044326411210932,0.0,0.028037383177570093
