epoch,avg_score,avg_score_bin,success_rate
0,-0.5984536774456501,0.0,0.0
1,-0.28001071885228157,0.0,0.0033783783783783786
2,-0.21944537237286568,0.0,0.0033783783783783786
3,-0.32366049885749815,0.0,0.0033783783783783786
4,-0.1906076736981049,0.0,0.0033783783783783786
