epoch,avg_score,avg_score_bin,success_rate
0,0.6394849210977555,0.6,0.015873015873015872
