epoch,avg_score,avg_score_bin,success_rate
0,-0.05965395197272301,0.0,0.0
1,-0.048725793487392366,0.0,0.0
2,-0.1345136184245348,0.0,0.009345794392523364
3,-0.0359350100858137,0.0,0.028037383177570093
4,-0.07169678285717965,0.0,0.037383177570093455
