epoch,avg_score,avg_score_bin,success_rate
0,-0.05389810111373663,0.0,0.009345794392523364
1,-0.07911901333136484,0.0,0.009345794392523364
2,-0.14957053884863852,0.0,0.009345794392523364
3,-0.015458411350846291,0.0,0.009345794392523364
4,-0.07340565267950297,0.0,0.018691588785046728
