epoch,avg_score,avg_score_bin,success_rate
0,0.5754513740539551,0.5,0.5882352941176471
1,0.7458364456892014,0.9,0.5882352941176471
2,0.5680491274222732,0.8,0.5882352941176471
3,0.3604415263980627,0.3,0.5294117647058824
4,0.5243444912135601,0.5,0.5294117647058824
5,0.6587853223085404,0.8,0.5294117647058824
6,0.4758064031600952,0.4,0.5882352941176471
7,0.4659488392993808,0.5,0.5882352941176471
8,0.7136577270925045,0.9,0.5882352941176471
9,0.4861095309257507,0.4,0.5882352941176471
