epoch,avg_score,avg_score_bin,success_rate
0,0.5336391657590867,0.5,0.5882352941176471
1,0.7490052789449692,0.8,0.5882352941176471
2,0.615460741519928,0.8,0.5294117647058824
3,0.3377657484263182,0.3,0.5294117647058824
4,0.5729934304952622,0.6,0.5294117647058824
5,0.664734861254692,0.8,0.5294117647058824
6,0.5394209593534469,0.5,0.5294117647058824
7,0.46457097958773375,0.5,0.5294117647058824
8,0.796312153339386,0.9,0.5294117647058824
9,0.414459390938282,0.3,0.5294117647058824
